user_id,kmeans_cluster,hierarchical_cluster,hdbscan_cluster,final_persona,preference_snippet
user_23,0,0,-1,Persona 1," “I prefer explanations that combine therapeutic, genetic, adverse-effect, and ontological informati..."
user_24,0,0,-1,Persona 1," “I prefer explanations that justify drug selection by established efficacy, not merely by shared ef..."
user_25,1,1,-1,Persona 2," “I prefer explanations that use ontological expansion to clarify connections between claims.”
 “I p..."
user_26,0,0,-1,Persona 1, “I prefer explanations that emphasize treatment of related diseases over shared side effects and us...
user_27,0,0,-1,Persona 1, “I prefer explanations that go beyond shared ‘treats’ links—providing deeper characterization of dr...
user_28,0,0,-1,Persona 1," “I prefer explanations that stay clinically focused, avoid symptom-based links, and highlight share..."
user_29,0,0,-1,Persona 1, “I prefer explanations that link from a broad disease category to its relevant subset and include d...
user_30,0,0,-1,Persona 1, “I prefer explanations that establish a direct drug–gene connection rather than inferring efficacy ...
user_31,0,0,-1,Persona 1," “I prefer explanations that add meaningful clinical relevance rather than extra ontological detail,..."
user_32,0,0,-1,Persona 1,“I prefer explanations that avoid using clinical syndromes or pseudogene nodes as mechanistic interm...
user_33,0,0,-1,Persona 1," “I prefer explanations that are both complete and not overly complex.”
 “I prefer explanations that..."
user_34,0,0,-1,Persona 1, “I prefer explanations that use accurate drug indications—like vidarabine’s approved antiviral acti...
user_35,0,0,-1,Persona 1, “I prefer explanations that establish clear mechanistic links rather than relying solely on shared ...
user_36,0,0,-1,Persona 1, “I prefer explanations that avoid flawed subgroup-to-group links—such as jumping from ‘lymphatic ca...
user_37,1,1,-1,Persona 2," “I prefer explanations that identify a definitive, class-revealing link—such as ‘dependence on opia..."
